{"cameraMode":{"drawMode":0,"name":"Shaded","section":"Shading Mode"},"sceneLighting":true,"audioPlay":false,"sceneViewState":{"m_AlwaysRefresh":false,"showFog":true,"showSkybox":true,"showFlares":true,"showImageEffects":true,"showParticleSystems":true,"showVisualEffectGraphs":true,"m_FxEnabled":true},"in2DMode":false,"pivot":{"x":5.1585307121276859,"y":-19.398895263671876,"z":-3.5964765548706056},"rotation":{"x":0.008780121803283692,"y":-0.7451814413070679,"z":0.6667391061782837,"w":0.009811320342123509},"size":32.53540802001953,"orthographic":false}